id;name;uscc;principal;phone;settle_time
1;Isle;benchmark;Loan payment;480.573.7062 x219;2023-05-30T04:16:20
2;override Account Handcrafted;matrix;schemas Electronics;910.291.2317 x1098;2023-05-30T02:36:56
3;Greece Australian;Technician Road;Buckinghamshire SCSI Peso;(406) 257-6381 x561;2023-05-31T00:16:11
4;Hat relationships;middleware compressing;magnetic Grass-roots;(269) 586-3441 x53027;2023-05-31T00:46:02
5;leverage magnetic SCSI;Account definition Computer;quantify;451.450.3083;2023-05-30T03:41:52
6;Azerbaijanian plug-and-play firewall;redundant;structure payment;(435) 658-2133 x733;2023-05-30T08:06:20
7;Buckinghamshire Rubber Ruble;transitional;mobile;533.741.1919;2023-05-30T16:50:08
8;ROI Georgia;Borders;navigate;506-805-4089;2023-05-30T16:02:18
9;Personal;network Soap invoice;Riel Shoes Dale;286.801.1930;2023-05-30T08:14:31
10;Tasty responsive;Generic content-based;generate Account;1-831-693-2171 x05322;2023-05-30T16:01:37
