id;name;phone;id_type;id_number
1;calculate networks;647.463.1274 x1615;IDENTITY_CARD;Wooden interfaces
2;silver Small Indiana;(597) 765-2803;IDENTITY_CARD;Isle cross-platform
3;Global;1-493-601-5895 x144;IDENTITY_CARD;value-added
4;open-source;765.533.9976;IDENTITY_CARD;Soap
5;Fish Devolved rich;(641) 941-2005 x6595;IDENTITY_CARD;Chicken
6;initiatives invoice white;980-711-2277 x042;IDENTITY_CARD;Alaska Checking National
7;24/7;306-216-9512 x969;IDENTITY_CARD;Crest Corners Hungary
8;Malaysia invoice De-engineered;332-756-7020 x605;IDENTITY_CARD;partnerships Metal UIC-Franc
9;Grass-roots backing National;797-760-7000 x080;IDENTITY_CARD;bottom-line bus
10;infomediaries implementation;387-678-9420;PASSPORT;Gorgeous
